<root version="0.3">
  <textures>
    <texture id="0" wrap="1" file="0.png" />
  </textures>
  <materials>
    <material id="0" shader="texture" texture_id="-100" mask_id="-1" offset="0,0" scale="1,1" color="1,1,1,1" mask_offset="0,0" mask_scale="1,1" />
    <material id="1" shader="texture" texture_id="0" mask_id="-1" offset="0,0" scale="1,1" color="1,1,1,1" mask_offset="0,0" mask_scale="1,1" />
    <material id="2" shader="texture" texture_id="-100" mask_id="-1" offset="0,0" scale="1,1" color="0,0,0,0.2745098" mask_offset="0,0" mask_scale="1,1" />
  </materials>
  <scene duration="2" frame_rate="30" play_mode="1">
    <subtitle start_time="0" end_time="2" mode="2" />
    <screens>
      <screen name="" aspect="1.78">
        <projection_matrix>0.1125506,0,0,0,0,0.2,0,0,0,0,-0.0020006,-1.0006,0,0,0,1</projection_matrix>
        <view_matrix>1,0,0,0,0,1,0,0,0,0,-1,-10,0,0,0,1</view_matrix>
        <object name="zi" type="mesh" mesh_id="0" id="0" material_id="0">
          <transform position="1.44,-1.12,-0.49" scale="9.582766,-2.042067,1.429093" rotation="0,0,0,1" />
        </object>
        <object name="bai" type="mesh" mesh_id="0" id="1" material_id="1">
          <transform position="0.88,-0.05,0" scale="9.277111,9.27711,9.277102" rotation="0,0,0,1" />
        </object>
        <object name="zi (1)" type="mesh" mesh_id="0" id="2" material_id="2">
          <transform position="1.57,-1.27,-0.4" scale="9.582766,-2.042067,1.429093" rotation="0,0,0,1" />
        </object>
      </screen>
    </screens>
  </scene>
  <meshes>
    <mesh id="0" vertex_count="4" triangle_count="2">
      <vertices>-0.5,-0.5,-3.061617E-17,0.5,0.5,3.061617E-17,0.5,-0.5,-3.061617E-17,-0.5,0.5,3.061617E-17</vertices>
      <uv>0,0,1,1,1,0,0,1</uv>
      <triangles>0,1,2,1,0,3</triangles>
    </mesh>
  </meshes>
</root>